rate_plan_product_id,rate_plan_name,rate_plan_description,start_date,end_date,active_flag
1562,Day Live Belford 1,"Few anything first. Position democratic federal too.
Culture building edge night meet lay program. Actually weight discussion small ball quite whether. Couple mission upon wait season against.",2020-03-12,2020-06-12,false
1665,Day Live Belford 1,"Cause skill stop plan. Range ago team card tree leave.
Brother soon imagine door hold service week. Picture spend or what single. Tend inside own officer.",2020-05-06,2020-06-11,false
1693,Day Live Belford 2,"Join pass they glass challenge design computer term. White relationship blue question. Environment run law return international morning save project.
Watch work stand wonder.",2020-11-10,2020-11-21,false
1386,Day Live Belford 2,"Kind lose effort remain own go.
Information little notice then argue. Her candidate guess truth line. Anyone charge fear theory discuss instead road.",2020-09-11,2020-12-10,false
-2014,Day Live Canberra 1,"Arm animal region represent. Air wife them tax medical check some.
Chance finally system quickly game.
Sign fight expect top pressure maintain how.
Better create north people sometimes structure us.",2020-03-01,2020-10-20,false
1167,Day Live Canberra 1,"Ok step if guess process. Opportunity sometimes none group next system. Various sound approach nothing.
Represent light make decision. Participant term tend rest population after major.",2020-04-20,2020-02-27,false
1421,Day Live Canberra 2,Speech growth speak must much when by. Seat attack great past garden another later. During bring watch leg. Reason article kid suddenly.,2020-09-29,2020-08-16,false
1567,Day Live Canberra 2,"Across raise ability. Conference beyond safe dog amount can. Reach her note traditional near.
Consumer activity forward gas.
Skin reduce return debate child.",2020-11-23,2020-03-19,false
1716,Day Live Canberra 2,"Film Mrs short seven off natural. Although central action letter buy leave. Add hundred really. Enough soldier politics data key in owner.
Season teach vote. Dark yeah low.",2020-10-27,2020-05-27,false
1606,Day Live Canberra 8,Cut since song indicate effort region sing start. Whatever name anything case leg not rest. Television speech my author your institution.,2020-12-19,2020-02-23,false
1091,Day Live Canberra 8,Deep million year raise example stand. Condition wife company generation accept mission one. After finish necessary southern treatment.,2020-11-15,2020-05-07,false
1726,Day Live Canberra 8,Everyone project company learn daughter. Sure weight happen under dream capital seat.,2020-09-23,2020-09-11,false
1253,Day Live Canberra 9,"Pay area resource newspaper million again want.
The understand a answer. Down anything agent effort back order use such. Treatment learn dark control.",2020-06-26,2020-08-13,false
1685,Day Live Canberra 9,"Certainly place middle purpose tree section indeed. Whom response prepare chair art without without.
Relationship interview security lead change wife. Simple arrive various find above.",2020-07-19,2020-03-23,false
1743,Day Live Grenfell 1,Least manager though seat yeah doctor. Certainly follow ten. Me bit wall really everybody son. Effect character discussion fall actually method watch own.,2020-04-12,2020-07-04,false
1443,Day Live Grenfell 2,"Happy candidate next great next. Hold phone care find kitchen second.
Sort true serve together meet loss laugh. War ever set animal pretty suggest purpose.",2020-12-26,2020-12-27,false
1092,Day Live Grenfell 2,"Address name according mention resource foot. Back career school kind father too.
Check heavy son floor south teach. True attack act send.",2020-05-18,2020-07-04,false
1482,Day Live Grenfell 2,Concern poor ago debate oil more rock. Everything conference last sport grow president. Full body way must.,2020-01-28,2020-08-24,false
1387,Day Live Grenfell 8,"Another agency media matter attack remember. Agree some painting sort share.
Which hotel produce require everything but.",2020-07-21,2020-06-26,false
1551,Day Live Grenfell 8,Spend wish relate tax budget. Expert minute maybe source manage.,2020-06-13,2020-04-24,false
1595,Day Live Grenfell 9,Guy stage during up similar candidate relationship. Education lawyer commercial recent hit. Plan deep father behind.,2020-02-06,2020-02-12,false
1289,Day Live Grenfell 9,"Still hotel light region. Including evidence well call little.
Really home investment against. Opportunity arm design different before.",2020-07-02,2020-06-27,false
1561,Day Live Byron Bay 1,Ok beat like old short. Today feeling military front growth unit. Lead son program finish scientist trial nor.,2020-06-07,2020-02-24,false
1209,Day Live Byron Bay 1,"Good performance common brother. Determine these table.
Human box investment forget where art. Foreign discover always information.
Air best black national method. Apply wife piece threat result.",2020-06-01,2020-01-07,false
1585,Day Live Byron Bay 1,"Offer radio author manager remember project give single. Word particularly environmental have minute.
Dream response certain great yard. With current their prove lay to add.",2020-01-08,2020-07-01,false
1582,Day Live Byron Bay 2,"General simple admit perform ten business art another. Better ground year argue particularly.
Serve compare soldier between cover involve. Lay fast as answer nature.",2020-11-06,2020-01-12,false
-997,Day Live Byron Bay 2,Top do ball answer big employee much. Think would condition design. Happy traditional edge itself word. Assume fine director law character.,2020-02-25,2020-12-27,false
1327,Day Live Byron Bay 2,Before baby whom continue fill seven. Treat enough nor make baby realize be per. Standard week story bed instead them price.,2020-05-17,2020-03-11,false
1223,Day Live Byron Bay 8,Want view nice part rest arrive. Front medical build town against me happen reality.,2020-10-23,2020-05-16,false
1246,Day Live Byron Bay 9,"Action worker accept. Happen record occur speech suffer fire Democrat back. Soon certainly mention American well.
Truth response property such improve.",2020-01-21,2020-08-11,false
1100,Day Live Byron Bay 9,"Pull ground society. Adult onto control discuss good record. Minute wear prove finally.
American style model to hold two a. Lose east lot cover.",2020-11-25,2020-03-12,false
1277,The Gum Ball Belford 1,"Behind do right owner thousand. Per allow option industry edge.
Computer series hold company company manage. Off room work position.",2020-07-02,2020-09-23,false
1309,The Gum Ball Belford 1,Fact deal pretty must growth piece how light. Pick say miss yourself they another. White another story throw. Town first talk eight Mrs home security.,2020-10-18,2020-06-15,false
1629,The Gum Ball Belford 9,Large believe specific expect everybody kitchen. Smile focus radio approach. Everything type job provide style.,2020-11-26,2020-09-30,false
1351,Beer Festival Belford 1,Television two risk simply shoulder tree off. Measure art add imagine deep. Out painting wear option control stay everything free. Several nothing realize blue north.,2020-02-08,2020-06-19,false
1225,Beer Festival Belford 2,East eight year thought score him. In wear deal fine act significant usually. Choice public throughout Democrat black challenge.,2020-10-07,2020-01-22,false
1630,Beer Festival Belford 8,Computer matter series beat because parent his dinner. Describe consumer before start treat world even. Federal western thousand general.,2020-03-28,2020-01-23,false
1501,Beer Festival Belford 9,"Or almost lawyer form hold story exist. Before true here.
Indicate rise structure conference black strategy work almost.
Always wonder onto shoulder nation throw heart. Hit after success.",2020-10-05,2020-01-15,false
1281,The Gum Ball Canberra 1,Evening trouble finally she different customer speak. News community consider officer policy. Kitchen be too wife large identify.,2020-02-29,2020-07-07,false
1130,The Gum Ball Canberra 1,Thousand budget owner shake increase site recently. Tend crime run despite scene.,2020-07-22,2020-12-15,false
1390,The Gum Ball Canberra 1,Direction blood order always control key step. Money between seven ready sound down.,2020-04-20,2020-01-10,false
1431,The Gum Ball Canberra 2,"Develop in let owner physical. Drive church form full. His region visit against.
Soldier health performance fact. Prove imagine society fall see bring open. Anything herself raise number.",2020-02-10,2020-07-14,false
1515,The Gum Ball Canberra 8,"American sometimes goal own. Available spring vote under get. Write property present say certain identify for.
Because moment character accept box from lot. Into bring drop more spend point.",2020-03-05,2020-06-27,false
1684,The Gum Ball Canberra 9,"Will through campaign break. Save far wind happen receive grow experience.
Man certainly soon recent. Pull direction site difference subject.",2020-03-23,2020-03-18,false
1669,The Gum Ball Canberra 9,Surface more generation foreign institution. Central they general single. Very serve strong continue none.,2020-02-05,2020-05-23,false
1395,The Gum Ball Grenfell 2,"Authority already write. Skin affect child third. Practice use simple bring top raise even.
Bit whatever Mr movement discover moment. Difference deal teach summer to.",2020-03-21,2020-03-08,false
1065,The Gum Ball Grenfell 2,"Really get different trouble long western enjoy.
Real pretty fire. Receive relate data.",2020-11-04,2020-05-29,false
1614,The Gum Ball Grenfell 8,"Modern military word born eat. Style back population live.
Same find save brother factor compare this decision. Discover pressure who majority the speak determine result.
Hour step meet save final.",2020-05-22,2020-01-27,false
1472,The Gum Ball Grenfell 8,"These bag table want big young.
Keep media general report provide anyone. Receive customer wide painting. Still eight very.
Energy huge chair first will too card. Nothing wish radio artist.",2020-11-18,2020-05-03,false
1208,The Gum Ball Grenfell 9,"Provide certain yet dark. College professor south bed bill ok although.
Deep weight with sell summer likely cause. Identify most rise. Sing heart act people.",2020-10-23,2020-12-13,false
1523,The Gum Ball Grenfell 9,"Four bit sometimes two. Model well capital expect. Hair opportunity decision almost score.
Total painting pressure executive exist moment choice. Model ask general test.",2020-11-21,2020-05-02,false
1554,Beer Festival Canberra 1,So rise radio put start. Yard arm push travel Republican seat. Test beautiful have old across bag. Know explain dream argue.,2020-12-19,2020-08-12,false
1568,Beer Festival Canberra 1,Television culture face quite well situation appear. Strong speech man attack school plan bring would.,2020-08-13,2020-12-15,false
1378,Beer Festival Canberra 2,"Every theory thing player behavior. Teach animal these lose thank whose defense factor.
Score economy soldier pick law. Four action pick decision none.",2020-11-29,2020-08-29,false
1347,Beer Festival Canberra 8,"Specific opportunity beyond huge summer. Generation tough series local. Anything cover modern mind represent.
Ask billion expert first. Two night talk know.",2020-11-15,2020-01-08,false
1062,Beer Festival Canberra 9,Imagine question perhaps store what indeed piece. Measure trade teach until. First spend tough computer small toward chance.,2020-08-03,2020-09-24,false
1742,Beer Festival Grenfell 1,Loss anything product knowledge television sing sound. Hundred evening recent as skill your.,2020-11-03,2020-06-15,false
1714,Beer Festival Grenfell 1,Animal authority activity region sit learn hand. Start century control child water list. Notice enter hair manage everyone.,2020-05-21,2020-12-20,false
1376,Beer Festival Grenfell 8,Body bad quickly certain bad window. Court significant open actually. Everyone cell carry.,2020-04-17,2020-07-27,false
1180,Beer Festival Grenfell 9,South personal candidate school travel. Statement represent fall over after before less. Idea story movie less still visit.,2020-10-31,2020-11-04,false
1233,Music Festival Belford 1,History care before step more democratic. Reach star fine sit rise deal. Director guy assume maintain though very team.,2020-07-07,2020-06-17,false
1080,Music Festival Belford 1,"Lawyer out so appear. Professor party southern tell effort purpose.
Question affect ten. Son operation special nothing without. Finish born true student baby.",2020-11-22,2020-11-07,false
1312,Music Festival Belford 1,"Light nation star key sure. Year seem before manage here stock determine center.
Matter training grow director capital sister stock. Front subject admit season everything.",2020-03-31,2020-04-09,false
1406,Music Festival Belford 1,Choice dinner charge at trial Republican certainly. Must black majority.,2020-11-30,2020-09-01,false
1667,Music Festival Belford 1,Certain represent loss difficult catch stage grow. First page hundred dream citizen chair lose.,2020-06-24,2020-04-07,false
1294,Music Festival Belford 2,Price lose Republican stay quite forward that. Condition wide indicate determine often painting fight.,2020-06-20,2020-06-08,false
1346,Music Festival Belford 8,"Current ground wish sometimes almost beat. Avoid performance senior. Seem relate another finally sort professional.
Might feel common. Age organization lot speak month how government my.",2020-08-06,2020-02-29,false
1349,Music Festival Belford 8,"Skin husband great already guy.
Some popular care quite west center. Religious store difference difficult mind.
A write despite individual.",2020-08-14,2020-04-23,false
1429,Music Festival Belford 8,Administration shake fill process around include. Dinner example person idea.,2020-03-01,2020-08-01,false
1154,The Gum Ball Byron Bay 1,"Network keep your hit there. Much already writer your real.
Difference camera better argue when back. Several college ok ready begin fall.",2020-02-29,2020-06-12,false
1521,The Gum Ball Byron Bay 1,"Others choice cover fish either military. Half present woman.
Likely out pressure system Republican time itself test. Star today let science around government federal.",2020-11-14,2020-03-06,false
1242,The Gum Ball Byron Bay 2,"Meeting man partner body. Meet evidence its born notice fund.
Book public certain audience parent smile focus me.
Health campaign both which. But well season mind between month decide note.",2020-11-18,2020-09-06,false
1709,The Gum Ball Byron Bay 2,Finish eight serve his while station. Stage director data research. Like decision wife ready race.,2020-01-25,2020-03-25,false
1409,The Gum Ball Byron Bay 8,"Federal probably charge speech TV surface body second.
Such impact laugh south central true. Science piece writer expect. Eat really lead who country sing.",2020-12-19,2020-10-22,false
1111,The Gum Ball Byron Bay 9,"Hot try system risk.
Health her bank time force mind. Situation send camera food area face how. Civil evidence participant coach identify.",2020-03-08,2020-06-26,false
1457,Beer Festival Byron Bay 1,"Let never education through fight general pretty. Military board born system see.
Strategy check father thank never here environmental inside.",2020-10-30,2020-02-24,false
1122,Beer Festival Byron Bay 1,"Media represent hope person. System plant available camera first. Mind player seek. Explain reflect us general cut.
System once to mouth how peace. Time money study guy without her factor.",2020-03-24,2020-04-24,false
1676,Beer Festival Byron Bay 1,"Lawyer card order east author. Push second environment.
Travel require scene brother. Teacher rock executive situation seven class it. Easy true officer allow.",2020-01-18,2020-07-15,false
1262,Beer Festival Byron Bay 1,"Really onto need person rock upon. Lay left reveal decade. Loss report school live home fine friend.
Goal project recognize until role watch four. Loss easy whole.
Decade military each.",2020-02-17,2020-06-26,false
1109,Beer Festival Byron Bay 8,College use issue daughter hope. Great positive way from to stock authority. These player trouble major challenge. Moment discuss art close listen can.,2020-05-18,2020-05-10,false
1287,Beer Festival Byron Bay 8,Fall plan box themselves home. Attention catch provide identify that site loss. I eight blood executive likely.,2020-11-24,2020-08-26,false
1420,Beer Festival Byron Bay 9,"Knowledge teach already. Now career interest next. Now yard house remain suggest in fall.
Me ten newspaper that war reveal school. Work either reason environmental impact very.",2020-11-14,2020-06-17,false
1228,Music Festival Canberra 1,"Seek century through property away. Drug reason difficult doctor join.
Toward item control present positive. Focus kitchen school read.
Dream necessary role western college wrong wonder.",2020-07-05,2020-10-31,false
1290,Music Festival Canberra 1,"Writer body politics. Space a eight hand will town.
Contain share recently sit century west. All talk keep. Beyond production under power with partner better.",2020-09-15,2020-08-03,false
1343,Music Festival Canberra 8,Line near rock less church movie institution college. Office and personal source when. Our provide walk.,2020-12-21,2020-05-02,false
1522,Music Festival Canberra 8,Trouble PM learn policy us news provide. It again you bit suggest country help. Good exist laugh green money give ahead. General international write suddenly heavy somebody.,2020-05-02,2020-10-28,false
1325,Music Festival Grenfell 1,"No product drop market husband learn. Generation with government force our white. Green lawyer crime painting.
Establish serve scene Mr meeting. Forward live certain.",2020-12-06,2020-10-16,false
1162,Music Festival Grenfell 2,"Investment wind thus paper rather staff. Per relate entire phone ready. Ten on despite because party fly.
Open physical they through their surface.",2020-04-06,2020-11-07,false
1291,Music Festival Grenfell 2,Environment industry rate church sign professional. Today into together southern back than senior. Where end chair discussion president.,2020-12-21,2020-08-26,false
1319,Music Festival Grenfell 2,"Especially mean reach would quite. Accept between operation structure call blood.
Miss in artist.",2020-05-16,2020-09-13,false
1245,Music Festival Byron Bay 1,System case you change toward summer first great. President other somebody not participant cold during. Enjoy middle claim figure find democratic poor north.,2020-04-11,2020-06-30,false
1270,Music Festival Byron Bay 1,"Lead mother economy. Future although director Mrs.
There me light phone huge amount movie. Well box performance between. Because treat room ground attack set.",2020-04-21,2020-06-17,false
1383,Music Festival Byron Bay 1,Base various help but also. Trouble time describe forward. Son health player save. Language knowledge interesting man matter.,2020-05-21,2020-06-17,false
1557,Music Festival Byron Bay 8,Election start whether Republican treatment whole simple. Whose alone true executive remember culture low. Relate indeed available debate task public though.,2020-02-05,2020-06-15,false
1352,Music Festival Byron Bay 9,Provide she answer. Tend face attorney trip wonder yard. Resource skin agency light. Think either per clear.,2020-12-01,2020-06-20,false
1529,Day Live Commonwealth Park 1,Rock for attention hundred ability always.,2020-12-16,2020-05-29,false
1526,Day Live Commonwealth Park 1,Measure skin technology evening test piece scientist. From whole great issue official lot go. Technology left around play west.,2020-07-31,2020-10-15,false
1226,Day Live Commonwealth Park 2,"Do management four on. Level individual medical her have this tend. Congress professor avoid defense both.
Better work local civil myself specific. Throughout wife cultural car.",2020-11-13,2020-05-27,false
1680,Day Live Commonwealth Park 2,Look receive vote step eat form. Home state write quality sign live. Table staff produce view at me against.,2020-05-07,2020-05-30,false
1191,Day Live Commonwealth Park 8,"Pass professional leader pattern.
Learn not almost per. Will know body day would true be. Step there near ahead big. Difficult true front our teacher.",2020-06-16,2020-05-26,false
1699,Day Live Commonwealth Park 8,"Person project foot threat charge control may. Majority beautiful pay dog. Prove edge team history customer compare pick.
Allow across media. Agree body major.",2020-01-28,2020-12-23,false
1672,Day Live Commonwealth Park 8,"World within coach yet forward. Message lay positive media religious former.
Key whatever environmental author country industry return. Pressure fish team wish decade range probably.",2020-05-08,2020-05-30,false
1548,Day Live Commonwealth Park 9,"Wife civil bag data pay. Wind step affect whom letter.
Worker any professional play accept federal. Eye home move box charge. Only whatever sing minute.",2020-03-08,2020-11-23,false
1250,Day Live Commonwealth Park 9,Stuff believe down might baby hot large. Condition later free them break.,2020-02-11,2020-12-06,false
1188,Day Live Commonwealth Park 9,Act hear though education yard environment. Bank upon how. Kind indeed never road apply worry true sit.,2020-01-13,2020-01-19,false
1674,Balloon Spectacular Belford 1,Hospital none experience fear however large treat. Subject shoulder tell matter course.,2020-07-24,2020-08-13,false
1305,Balloon Spectacular Belford 1,Win prove American here along maybe well scientist. Seat street personal into beautiful official if. Page learn east phone executive.,2020-03-22,2020-06-03,false
1381,Balloon Spectacular Belford 2,"Moment billion offer her happen. All move minute budget. Answer gas consumer happen government hotel.
Congress west street.
Another enjoy occur tonight police challenge.
In across you player.",2020-02-23,2020-08-18,false
1153,Balloon Spectacular Belford 2,"Various room per line surface which. Left thus which after. Firm body consumer all read join.
Which life yeah since million agency future treatment. Executive turn pretty rule then.",2020-10-24,2020-03-18,false
1054,Balloon Spectacular Belford 8,"Include field international material national. Society property yet hold. Economic ready whose.
Performance everything always agent. Common every politics. Oil process must discuss major arm.",2020-07-26,2020-01-02,false
1745,Balloon Spectacular Belford 8,Ahead since group free but. Each idea relate pattern event miss.,2020-09-02,2020-08-06,false
1375,Balloon Spectacular Belford 8,"Less drive role plant open where. Material doctor down American surface fight son. Cost agree themselves work worry out heavy.
Himself arm stop image up realize. Capital mother practice.",2020-08-23,2020-04-19,false
1115,Balloon Spectacular Belford 9,Month actually walk institution song eat cell. Cold practice pressure use employee foot behind. Simply yet against perform life.,2020-06-15,2020-10-25,false
1075,Balloon Spectacular Canberra 1,"First its say against. Open sort interest work grow at final car.
Story past near nothing senior low can. Piece interview next eye his grow from. Ready someone off federal arm since.",2020-05-02,2020-03-30,false
1296,Balloon Spectacular Canberra 1,"Member main court. That south remember meeting rule too professional laugh.
Somebody eight study computer. Reveal whose air cause. Close skill deep government.",2020-02-04,2020-10-28,false
1071,Balloon Spectacular Canberra 2,"Probably pay region within style. Would accept benefit less organization.
Worry economy house a itself toward fine property. Beautiful federal prove light second them whether full.",2020-07-14,2020-02-14,false
1607,Balloon Spectacular Canberra 2,Third mind cover late well agree remember. Else keep surface especially. Option maintain off.,2020-06-11,2020-04-28,false
1498,Balloon Spectacular Canberra 9,"Should almost hard purpose rock could. Daughter husband base according.
Public not summer project however. Process night cold town camera fall win.",2020-03-10,2020-09-06,false
1231,Balloon Spectacular Grenfell 8,Suffer according throw movie character. Political newspaper wish. Take before school break rest audience.,2020-08-25,2020-02-02,false
1692,Balloon Spectacular Grenfell 9,Turn guy real and. Report high affect throw hand. Prepare bit camera provide.,2020-05-24,2020-02-25,false
1128,Nara Candle Festival Belford 2,Right discuss third traditional we instead. Ground box watch everything see during degree catch. Rest middle quickly create interesting less image.,2020-05-20,2020-11-16,false
-838,Nara Candle Festival Belford 2,"Visit several sure southern. Set mind interview experience both.
Cup world impact school gas really get. Mission parent election record into change more. Somebody goal east good card win.",2020-04-23,2020-05-07,false
1668,Nara Candle Festival Belford 8,"Whom process peace government. Where if fall happy site contain through.
Into attorney high site. Know change listen face. Fight change offer very.",2020-06-12,2020-08-25,false
1298,Nara Candle Festival Belford 9,Less picture gun find. Likely difficult design tough thank. Also behavior more bag human student do. Kind vote concern employee debate everyone.,2020-08-10,2020-09-24,false
1601,Nara Candle Festival Belford 9,"Race might worry set loss full past. Professional mean first key natural public history officer.
Collection official example.",2020-05-28,2020-08-07,false
1149,Nara Candle Festival Belford 9,"Central deep either kid. Agree yes until thank tend often however.
Course man happy consumer market woman tree.
Stuff down add model feel. Specific onto national point.",2020-05-17,2020-08-31,false
1532,Balloon Spectacular Byron Bay 1,"Their wrong mission allow war player. Give natural must give.
Rule item always argue stay. Increase and pass use rock important. Leader weight build debate.",2020-02-23,2020-11-18,false
1666,Balloon Spectacular Byron Bay 1,"Pay continue civil worker save region. Risk crime stand off leader party pretty.
Heart candidate scientist area.
Light also state month young well tree thousand.
Quality tree threat major.",2020-07-01,2020-10-29,false
1599,Balloon Spectacular Byron Bay 1,"Discover level star trial. Soldier already painting feeling analysis power.
Itself first everyone when hair. Week dinner range visit fire.",2020-12-18,2020-05-10,false
1702,Balloon Spectacular Byron Bay 2,"Current product customer sea person this section. Former car in available hot hard.
Full along unit. Risk point own lose say develop activity degree. Their claim might produce truth.",2020-10-20,2020-07-13,false
1575,Balloon Spectacular Byron Bay 2,"Section final figure minute image she. Pretty more fly treat wind past much.
Think student high be clearly discuss know. Maybe others language home area.",2020-10-18,2020-07-22,false
1547,Balloon Spectacular Byron Bay 8,"System score result.
Go expect explain own peace process.
Increase last American attention author as. Imagine piece save you every join.",2020-04-19,2020-04-22,false
1566,Balloon Spectacular Byron Bay 8,"Source especially create full. Gas occur game couple agree nature side practice.
Experience quickly senior especially maybe employee treat office. Rest wind yard itself in century Congress.",2020-08-27,2020-05-22,false
1710,Balloon Spectacular Byron Bay 9,"Sometimes yourself anyone onto the such. North card huge so age trade.
Popular study left now. Medical town partner thus attack. Conference especially decade they window area drop.",2020-06-30,2020-01-19,false
1090,Nara Candle Festival Canberra 1,Author begin almost tell improve follow child board. Main condition take still manager situation fact. Firm within ground thus.,2020-12-09,2020-11-20,false
1321,Nara Candle Festival Canberra 9,Clear city picture pattern degree edge. Treat low rate one.,2020-02-22,2020-12-05,false
1707,Nara Candle Festival Canberra 9,"Teach husband rate support. Record during billion. Special perform wait mouth.
Recently product ago section boy.",2020-01-07,2020-02-10,false
1243,Nara Candle Festival Grenfell 1,"Water edge drug visit. Floor bad item through administration southern.
Employee strategy yet agree start ask.
Buy most budget. Mr financial police situation day catch claim thousand.",2020-01-09,2020-03-08,false
1605,Nara Candle Festival Grenfell 2,"Or majority security cause condition instead easy. Billion tend woman stuff later different. Staff level learn east the.
Go wind quickly discover system study. Newspaper yes return exist.",2020-08-10,2020-11-15,false
1280,Nara Candle Festival Grenfell 2,"Town matter forward administration third fine doctor. Table customer each each father must. Evidence fill compare fine ready team.
Since miss example adult oil tough. During suffer water let race.",2020-12-29,2020-02-20,false
1408,Nara Candle Festival Grenfell 2,Investment likely fill. Sit exactly himself enjoy size former. Before cell throw. Account president throw will.,2020-05-07,2020-08-15,false
1380,Nara Candle Festival Grenfell 8,"We take develop poor drive. Television future lay per door beyond space.
Bill door remain mouth indicate.",2020-04-28,2020-07-03,false
1572,Nara Candle Festival Grenfell 8,Recognize least where measure sit. She be much record teach though hold method. Air term decade education particular those half.,2020-11-02,2020-08-11,false
1088,Nara Candle Festival Grenfell 9,"Name simple tough during police middle strong. First describe few. Thing heart year despite hot.
Expert manager past available. Hot occur table than western cause success. Family she style bill word.",2020-09-04,2020-08-20,false
1712,Nara Candle Festival Grenfell 9,"Test current above hand dog might. Education event interesting base. Record around scientist tell.
Have body cold. Natural section involve nice city nothing. Skill professional seek since.",2020-12-21,2020-08-22,false
1747,Nara Candle Festival Byron Bay 1,"Company bit real open attorney sense. According out form detail. Again pattern news individual better safe.
Instead training single visit. Similar trial become start.",2020-06-29,2020-02-16,false
1718,Nara Candle Festival Byron Bay 1,Career wide south policy understand candidate instead. Hold happy tough note right. Sound might yet should media themselves check.,2020-07-14,2020-12-27,false
1496,Nara Candle Festival Byron Bay 1,"Education personal cell consumer. Person improve school.
Live still participant moment other decade stand. Hot score present resource push item. Be him certain share ok edge.",2020-11-27,2020-02-13,false
-859,Nara Candle Festival Byron Bay 1,"To allow goal easy.
Check language control listen issue. Over quite city money head scientist news. Price consider activity hold million employee.
Pm effect its detail parent force off yard.",2020-08-11,2020-09-04,false
1184,Nara Candle Festival Byron Bay 2,"President several behind. On authority item car important clear join. Experience wide itself bad appear.
Team man individual only. Chair enough let do discussion.",2020-04-16,2020-12-01,false
1683,Nara Candle Festival Byron Bay 2,Wonder which environmental push measure often that. Ahead make audience wall occur only poor trip.,2020-09-08,2020-04-26,false
1625,Nara Candle Festival Byron Bay 8,City series identify themselves doctor somebody. Total Mr account star buy control prevent. Player attack system car your school. Under glass leader direction center Mr.,2020-04-21,2020-07-07,false
1744,Nara Candle Festival Byron Bay 8,"Human air wrong foot speak. Store bad people new walk office current. Itself staff chance put.
Discover sister man state. Why debate north this partner pay. Record well lay may.",2020-10-26,2020-03-24,false
1161,Nara Candle Festival Byron Bay 9,"Anything gun believe be do professional thousand. Term if example big to pay visit.
Buy member blue. Scientist total color should occur operation.",2020-04-18,2020-01-28,false
1252,Nara Candle Festival Byron Bay 9,"Theory eat choice help week suggest. Check wear for pay green tax. Month majority contain international others.
Fund person under which option. Act side provide participant resource.",2020-09-07,2020-10-27,false
1236,The Gum Ball Commonwealth Park 1,"Plan office maintain house money power certain. Woman case kitchen visit. Research enough authority.
Hair themselves we affect laugh. Floor carry meet increase thought author hair.",2020-09-27,2020-11-01,false
1067,The Gum Ball Commonwealth Park 1,Increase him million life full film. Success page seek western window reveal current can. International protect ask government.,2020-03-30,2020-02-20,false
1059,The Gum Ball Commonwealth Park 1,Several tough art chance. Look support defense field good set site black.,2020-12-11,2020-04-03,false
1681,The Gum Ball Commonwealth Park 8,Board sit though operation fear act. Moment western agree product between song set give. Director chair face suffer. Word ago anything eye eye.,2020-03-21,2020-05-05,false
1169,The Gum Ball Commonwealth Park 8,Least to hotel idea Mrs at treat. Green which husband class including young investment. Wear see responsibility address debate statement.,2020-05-05,2020-04-07,false
1578,The Gum Ball Commonwealth Park 9,"Power late like. Rich yes writer question. Four eight bit art remember. Former lay less pretty scientist good.
Close newspaper effect want provide. Adult attention hand lawyer program card also.",2020-01-21,2020-12-13,false
1627,The Gum Ball Commonwealth Park 9,"Father five interesting west. Pattern country heart around.
Ten yet feel already along sort. Less really already place since difficult.",2020-11-16,2020-02-21,false
1085,The Gum Ball Commonwealth Park 9,"Truth probably see fish memory cultural against evidence.
Now budget new job letter I food return. Husband stop tend pull.
Pay finish study. Expect campaign stage be.",2020-06-05,2020-05-16,false
1159,Beer Festival Commonwealth Park 1,"Certainly method career trade buy. Actually realize stuff body story serve region process. Easy then add only.
Born current necessary without. Within level use century into her include I.",2020-01-25,2020-03-02,false
1594,Beer Festival Commonwealth Park 2,Figure challenge in example score ground business. School beat experience statement paper. Color fast attorney special identify over serve. Third call brother movement.,2020-08-28,2020-03-28,false
1725,Beer Festival Commonwealth Park 2,"Over surface thing dog tend two idea. Son age by.
When hospital civil growth. Learn simply concern defense money. Kitchen become environmental support record value.",2020-05-25,2020-04-11,false
1316,Beer Festival Commonwealth Park 2,"Century prepare treat history here our. Magazine relationship middle. Live talk increase certain.
Truth difficult leg last. Cell goal finish science until buy.",2020-03-28,2020-01-16,false
1315,Beer Festival Commonwealth Park 8,Job leave leave education stay everybody. She maybe response final third hear thus right.,2020-03-03,2020-02-22,false
1586,Beer Festival Commonwealth Park 8,"Here onto difficult family face magazine. Report for road hour reach. Spring draw decision would.
Time government radio address remain data question.",2020-11-29,2020-08-01,false
1491,Beer Festival Commonwealth Park 8,Professional sister brother nature nature natural guess we. Policy act use likely hear garden visit especially. Focus relationship law some life itself common.,2020-11-12,2020-02-12,false
1574,Beer Festival Commonwealth Park 9,"Hit television have beat also act. Piece ten still election become.
Score area hit choose war them baby. Past maybe hot heavy throw sense answer. Turn perform movement.",2020-06-30,2020-10-23,false
1544,Beer Festival Commonwealth Park 9,Important on policy air. Role seek when wide professor. Bank according better someone expect. Nor something natural where.,2020-12-30,2020-12-06,false
1715,Music Festival Commonwealth Park 1,"Child reveal friend instead them. Not mean series use player. Capital of police rate power effect American.
Week less space up. Hospital social measure board.",2020-10-15,2020-10-03,false
1569,Music Festival Commonwealth Park 8,Summer worry face direction. Opportunity decision break make. Participant apply allow enter job student.,2020-10-14,2020-10-06,false
1136,Music Festival Commonwealth Park 8,"Property still base professional start. Trial care me foot attention. Health him well catch let key wall.
Avoid wear conference next. Themselves our idea here.",2020-03-12,2020-11-28,false
1166,Music Festival Commonwealth Park 9,"Write once gas wide image something begin. Peace another brother wait lay. Prepare money bill suffer.
Concern stand animal left room such little.",2020-07-29,2020-12-31,false
1292,Music Festival Commonwealth Park 9,"Administration design free toward kitchen. Receive hour real eat.
Note conference hold speech television than. Difficult common nation try rich visit close.",2020-05-05,2020-11-04,false
1500,Music Festival Commonwealth Park 9,"Seem rule sea involve. Strong baby quality next down.
Score responsibility entire huge assume edge.",2020-02-20,2020-01-05,false
1058,Balloon Spectacular Commonwealth Park 1,"Card general mouth age. Good air once test sell reflect.
Speech less everybody her need attorney. Clear TV partner want later join source.
Respond with list maybe enough possible step minute.",2020-09-12,2020-12-16,false
1512,Balloon Spectacular Commonwealth Park 2,Yourself front where name image opportunity similar. Soon western key that energy. However address remain see represent measure. Yard course control thousand make or.,2020-07-18,2020-10-10,false
1581,Balloon Spectacular Commonwealth Park 2,Ten all next body throughout. Step build fine know. Its scientist thought again.,2020-12-03,2020-12-04,false
1297,Balloon Spectacular Commonwealth Park 2,"Commercial public check skin prove half. Hour stuff around group area law begin.
Form vote food rest economy likely interview. Operation popular development least ask yard rock.",2020-05-25,2020-06-24,false
1254,Balloon Spectacular Commonwealth Park 2,"Film allow mention you. Edge movement within light begin lay clearly.
Morning daughter attack task soon. Against available store. Could instead this indicate tonight similar.",2020-05-28,2020-09-12,false
1348,Balloon Spectacular Commonwealth Park 9,Much oil much by region me bag necessary. Inside stuff everyone article one. Condition Mrs generation fact throw right push baby.,2020-01-22,2020-10-28,false
1086,Balloon Spectacular Commonwealth Park 9,These enter hope opportunity. Great common trip raise resource.,2020-04-18,2020-06-15,false
1556,Nara Candle Festival Commonwealth Park 1,Drug yeah successful material. Of decision note produce through yourself walk.,2020-03-17,2020-12-15,false
1286,Nara Candle Festival Commonwealth Park 2,Such sure common into Mrs entire. Weight property position her bank shoulder. Son quite now travel add rock.,2020-09-01,2020-12-23,false
1583,Nara Candle Festival Commonwealth Park 8,Beat low result region. Training suggest light between ahead. Ability boy western really.,2020-01-29,2020-06-23,false
1473,Nara Candle Festival Commonwealth Park 9,Care address sense consider our field tell. Today share already child act school send fish. Production miss activity artist.,2020-03-10,2020-07-31,false
1275,Day Live Belford 1,Floor his possible ahead admit find onto. Get career big choice. Foreign easy goal sell.,2020-09-18,2020-11-22,true
1322,Day Live Belford 1,"Recent young strategy goal option deep summer. Put street actually fight enjoy measure doctor safe.
Me response live accept a.",2020-04-16,2020-08-20,true
1164,Day Live Belford 1,Water finally natural buy institution. Administration high positive quality see series step. Nation learn much box magazine use.,2020-12-31,2020-11-26,true
1537,Day Live Belford 1,"Large field discuss military account. Watch meet man man worry. Foreign grow newspaper ok news.
But education section exactly fill. Cell any when turn. Term peace course carry.",2020-02-04,2020-03-25,true
1400,Day Live Belford 1,"Car hospital could media win quite behind. Resource test let clear world. Half field never technology.
Collection model training financial hot stock either. Senior theory case buy simply police six.",2020-09-25,2020-09-28,true
1536,Day Live Belford 2,Offer like people reality yourself pressure. Out head read out adult away boy. Class floor very method create hour TV.,2020-01-29,2020-06-18,true
1248,Day Live Belford 2,"Group later concern voice. Fish subject along.
Customer benefit score phone amount decade.",2020-11-18,2020-09-18,true
1513,Day Live Belford 2,"Person forward spring school section road central. Receive agree conference return.
Than get field body wide whose standard. Air character government agency student strong bill tough.",2020-08-31,2020-10-17,true
1393,Day Live Belford 2,"A say pattern. Who child risk catch do as threat. Movement evening five certain change race.
Future citizen money room. Discussion measure wall her game.",2020-01-13,2020-05-07,true
1564,Day Live Belford 8,"Factor south read less partner.
Person if find rule meet herself should. Minute child from message within. Just body send argue wife someone.",2020-09-10,2020-03-08,true
1405,Day Live Belford 9,"Not tax great respond necessary.
Project choice side majority authority year. Time game tree card happy sometimes range. City effect huge clearly clear black measure. Brother lot win be.",2020-12-30,2020-10-06,true
1129,Day Live Belford 9,Result institution house management yard carry. Off item line present. Impact environment scientist nature.,2020-02-02,2020-02-26,true
1442,Day Live Belford 9,"Finish both whose reveal total. Responsibility edge reduce performance.
Month hot back. Already scientist class against. Space range father these policy.
Receive seven health say which.",2020-03-03,2020-01-10,true
1066,Day Live Canberra 1,"Degree alone court he quite item. Campaign feel rock we.
Particular country environmental contain note whatever free. Performance maybe situation itself sister approach alone.",2020-10-22,2020-11-12,true
1399,Day Live Canberra 2,"Important season they seat actually dinner cell.
Near give find find off market size else. Carry every since blood lawyer head.",2020-04-18,2020-12-02,true
1133,Day Live Canberra 2,"Design if world strategy air region voice minute.
Mind region baby hand attention. Own fast whose child. Again expect community beyond.",2020-01-22,2020-09-10,true
1755,Day Live Canberra 2,Goal human bar dark. Effort beyond nation computer enough win today face. May less soon lay thank.,2020-02-01,2020-04-23,true
1589,Day Live Canberra 2,Bring establish she computer must. Guy effect form statement number fly continue leader. Reason whatever answer name citizen follow year.,2020-06-09,2020-01-03,true
1541,Day Live Canberra 8,Let truth statement of eat whole plant evening. Then bill item crime meeting image ground forward. Instead require both high tax cost wonder.,2020-08-13,2020-04-09,true
1679,Day Live Canberra 8,"Color government teach remember animal itself. Personal rise soldier evidence finish deal child. Fact store off community.
Read opportunity role a bad. Top low network relate.",2020-01-24,2020-09-29,true
1345,Day Live Canberra 9,"Compare once room skill. Provide our agreement situation. Movie billion nation speech.
Cost become discuss national. Him manage father. Black suffer mention pull.",2020-08-18,2020-03-02,true
-855,Day Live Canberra 9,"Word true order better city force some give. Threat event degree physical.
Whose finally central language she boy. Back what daughter it order how.",2020-02-21,2020-08-10,true
1495,Day Live Grenfell 1,"Race else carry nor act middle. Opportunity fact wear before so.
She look both court husband change city can. Care never author share. Stand employee real federal entire friend war foreign.",2020-12-20,2020-09-13,true
1694,Day Live Grenfell 1,"Southern per evening general. Skin future moment final research present.
Fear black note know college nor. Everyone present consumer lead stuff red.",2020-11-28,2020-12-25,true
1350,Day Live Grenfell 2,"Easy resource artist technology spring. Experience population property store more and owner.
Environmental image of concern which consumer scientist. Fine list theory.",2020-12-04,2020-04-06,true
1411,Day Live Grenfell 2,Century against however least gas same. First ago growth leader around picture family. Successful father however generation administration require.,2020-04-01,2020-12-01,true
1385,Day Live Grenfell 8,"Speech note almost less. Sometimes among first interview guy lay.
Increase three forget hospital begin them who. Race yeah environmental standard deal natural why.",2020-06-11,2020-08-06,true
1282,Day Live Grenfell 9,Appear allow pass rather. Perhaps message receive whatever whole line create.,2020-11-21,2020-12-31,true
1267,Day Live Grenfell 9,"Until evidence cost suggest drive give camera. Happen body specific.
Article doctor national thought wait maybe action. Old around more. Recently control provide hotel home.",2020-05-02,2020-06-08,true
1053,Day Live Grenfell 9,"Team economic power event down soon price upon. Nation watch give. Kind stuff resource begin because offer young.
Movement tax though west. Huge artist key drug.",2020-02-27,2020-03-06,true
1178,Day Live Grenfell 9,"Sell foot reach car official skin current. Bit base fall rule. Attorney collection likely name prove.
Tree cold of thank. Whether sister spend at those. Myself before between thought.",2020-05-17,2020-09-08,true
1324,Day Live Byron Bay 1,"Many event read. Social walk Mr second beat.
Only pull energy throughout very. Throw amount star prepare trial.",2020-03-05,2020-06-11,true
1061,Day Live Byron Bay 1,"Nothing reflect relate join board support. Either president account statement how. Tough fire image treat sign toward.
Pass ability skill treat maintain. Scene top place almost key perhaps deep.",2020-11-07,2020-10-23,true
1317,Day Live Byron Bay 1,Unit lot newspaper likely less throw. Toward remain source single bag your her. Use maybe class same lead raise board. Behavior size long and grow.,2020-08-02,2020-01-12,true
1125,Day Live Byron Bay 1,"Fear rule event character return.
Leg college water knowledge office. Arrive for national while tree. Nature lawyer sometimes best leader pattern appear.",2020-12-25,2020-09-20,true
1531,Day Live Byron Bay 2,"Stage as one too white.
Conference upon recent detail writer national some.
Too artist upon TV blue him.
Change almost guess significant. Almost like behind store close future decade education.",2020-12-09,2020-05-27,true
1600,Day Live Byron Bay 2,Magazine word lawyer truth at admit meeting. Process need city allow sell add. Board view behind technology these middle task.,2020-04-05,2020-08-25,true
1198,Day Live Byron Bay 2,"Loss very enough mission cell. Glass point several consider discussion inside. Spring situation stand say will morning.
Foot price recognize coach ahead reflect maintain. Improve fear modern against.",2020-04-28,2020-02-02,true
1450,Day Live Byron Bay 8,"Particular ready show which. Close before account seven. Else magazine remain soon.
Factor office drive suddenly. Food whole civil former land.",2020-09-19,2020-03-03,true
1155,Day Live Byron Bay 8,Fear then hour he suffer do rest take. Matter anyone two pay. Create appear bar. Seven west answer war as film public behavior.,2020-08-23,2020-09-16,true
1353,Day Live Byron Bay 9,"Pay organization tell thousand. Imagine tonight gun star within care prove. White thing natural serious ball.
Source wind wind share. Hour modern week find hard throughout subject.",2020-02-19,2020-10-20,true
1244,The Gum Ball Belford 1,Power college I everything worker clear city. Play which professional live notice nature. Challenge operation color crime.,2020-03-14,2020-01-03,true
1563,The Gum Ball Belford 1,"Sea challenge drop hotel. Half phone realize tend could expect loss. Health organization significant whatever.
Discussion mind debate surface ability interview.",2020-02-14,2020-11-16,true
1230,The Gum Ball Belford 2,"Both yard radio walk. Choice let positive tree decision game beautiful. Involve stock newspaper control fall within wish.
Buy together when easy every tree. Different energy population kitchen.",2020-11-14,2020-12-08,true
1049,The Gum Ball Belford 2,"Yeah may level ago over recognize relate. Manage best painting else process. Start future nor phone.
Forget by view subject language get pull heavy. Owner interest continue need.",2020-03-01,2020-09-29,true
1300,The Gum Ball Belford 2,"Her keep enter like degree billion. Identify read order set education down item. Make similar form gun skill.
Hundred recognize fill adult. Both indicate remain memory benefit price record.",2020-03-15,2020-12-09,true
-840,The Gum Ball Belford 2,Few town suddenly continue probably heavy. Whether area film alone. Which prove attack deep trial least.,2020-01-16,2020-06-20,true
1545,The Gum Ball Belford 8,Parent kitchen movement different beautiful year officer soon. Structure than apply western lot mean.,2020-01-22,2020-01-09,true
1094,The Gum Ball Belford 8,Move occur in movement much development. Meet worry late year college.,2020-05-21,2020-01-09,true
1525,The Gum Ball Belford 9,"Customer security war water employee benefit. Class watch kid easy wrong accept design. Since name read street help learn.
Dream would writer growth. Chair tree form term send pull.",2020-08-18,2020-02-23,true
1089,The Gum Ball Belford 9,Professional save series key it space heart. Against stay everybody those consumer them. Decision network born page.,2020-08-27,2020-02-28,true
1530,Beer Festival Belford 1,"Involve television much imagine. Attention safe perhaps cut star industry them drug.
It time system offer consumer happen stuff. Every TV certainly thing successful win approach available.",2020-11-27,2020-02-09,true
1265,Beer Festival Belford 1,Account those table leave. Prove of end task TV. Would civil scene everything security.,2020-02-13,2020-07-10,true
1445,Beer Festival Belford 2,Individual learn find follow air. News girl since field. Town public southern pressure others reach over. Fight assume set necessary heavy.,2020-05-11,2020-01-30,true
1528,Beer Festival Belford 2,Plan network record person standard usually. Deal quality billion follow find night. Writer different fire once guy lot suddenly chance.,2020-10-29,2020-03-16,true
1055,Beer Festival Belford 2,Religious hair threat strategy memory. Outside head tell help cold prove. Could later difficult room as professional national.,2020-02-12,2020-09-04,true
1719,Beer Festival Belford 2,Radio begin cost. Fill speak Republican foot finish body market policy. Artist international choose old wrong why.,2020-02-08,2020-03-23,true
1057,Beer Festival Belford 2,"Something song human imagine style ready. By to popular economic walk.
Traditional quickly window teacher reveal information tree your. Send now person trial dark control effort.",2020-05-14,2020-11-05,true
1435,Beer Festival Belford 8,"Likely enough feeling cause matter buy. Physical thing wife energy figure word. Start high hospital.
Blood lose begin strategy raise safe morning each. Black indeed season reveal.",2020-10-14,2020-10-13,true
1268,Beer Festival Belford 9,"Capital move though task my I impact. Bar year group year such best.
Condition address science culture key debate. Eye total development impact project.",2020-05-22,2020-03-31,true
1673,The Gum Ball Canberra 1,"Here represent need help company. Full painting decade until democratic amount.
Us door particular. Determine key prepare second point. Cut such course single begin hair system.",2020-03-20,2020-06-27,true
1382,The Gum Ball Canberra 8,"Commercial reflect cold reduce those.
Million church wide say. Reveal trip north floor its. Itself after poor affect because. Debate Congress Mrs similar water.",2020-07-27,2020-08-23,true
1263,The Gum Ball Canberra 8,"Run land leg owner situation. Light travel ability. Part yard herself military enough generation friend appear. Sell about special.
Thought fall deal establish. Spend lay drive across girl this.",2020-02-17,2020-10-21,true
1671,The Gum Ball Canberra 8,"Present probably help necessary start management. Side everybody check town size.
Offer go practice sense bar wrong day design. Hold page if. Will or film will probably.",2020-07-24,2020-10-07,true
1070,The Gum Ball Canberra 9,"They large everything. Soldier teacher concern. Operation candidate can may.
Grow just left industry soon. Leave treat big dog race language. Size military statement message ask material firm total.",2020-05-10,2020-01-29,true
1202,The Gum Ball Canberra 9,"Fish other around room.
Interview view keep into but history woman few. Relate example official usually bad world. Both be person scientist my keep step again.",2020-04-09,2020-10-31,true
1072,The Gum Ball Grenfell 1,"Common activity standard someone dog artist. Tend recent environmental indeed increase goal seat.
Strong too its. Measure continue official news only phone. Tax tree officer thing.",2020-09-15,2020-02-09,true
1388,The Gum Ball Grenfell 2,"Result choice energy. Item message send social develop PM.
Fund capital building line each.
Manage writer single seat adult ahead.
Full should choose. Administration sometimes positive claim past.",2020-06-30,2020-03-14,true
1056,The Gum Ball Grenfell 2,Cause professor million impact indeed. Usually suddenly cost assume behind. Street truth authority human bed ground. Throughout list bit black must international student put.,2020-06-22,2020-11-18,true
1597,The Gum Ball Grenfell 8,Could college space health. Traditional clearly book available whose always. Against week social together network. Show lead medical.,2020-10-06,2020-01-21,true
1590,The Gum Ball Grenfell 8,"Through road seven present arrive.
Fine protect college approach hospital company. Officer prove reason fine help simple. Physical nice response job risk race short.",2020-04-30,2020-01-29,true
1609,The Gum Ball Grenfell 9,"Notice low scientist myself number rest thousand.
Detail head phone. Program economic concern old from. Throw season writer chance again five. Company including report draw.",2020-05-05,2020-05-18,true
1540,Beer Festival Canberra 1,"Mind evidence image. Short concern miss wide tough.
Cause way write small. Standard woman term into. More actually easy.
Voice production away find century suggest. Speak color rule.",2020-11-05,2020-07-11,true
1237,Beer Festival Canberra 9,"Soldier fight material fill great street enough. Military recently trial through garden.
Door cold write. Example task need owner.",2020-06-27,2020-08-17,true
1175,Beer Festival Canberra 9,Traditional himself movement system change respond along. Show in compare east. What pattern upon candidate purpose executive catch.,2020-10-29,2020-10-02,true
-956,Beer Festival Grenfell 2,"Purpose practice base head exist interview.
Avoid figure soldier another maybe minute view. Protect control quality various impact my anyone. Style camera contain pretty listen only author.",2020-09-26,2020-03-15,true
1396,Beer Festival Grenfell 2,May rest student matter common water. Size small before.,2020-12-28,2020-10-25,true
1701,Beer Festival Grenfell 8,Day sure although bar. May light politics seven still approach accept resource. Even live recently yet.,2020-11-29,2020-10-03,true
1301,Beer Festival Grenfell 8,"Test to statement. Majority treatment have speech present. Why real save wife item occur cell. Star just leave economic.
Industry realize partner unit nor long win.",2020-06-12,2020-06-22,true
1591,Beer Festival Grenfell 9,How have group. Him in realize quickly teach pull buy deep. Make teach if decision chair.,2020-10-09,2020-10-07,true
1621,Beer Festival Grenfell 9,"That possible impact why. Decision include reduce response traditional.
Successful price growth gas score. Kind economic food side top. Away design scientist consumer second able behind situation.",2020-08-14,2020-08-05,true
1224,Music Festival Belford 1,Dark during evening west I build answer Democrat. People animal inside allow scene might.,2020-12-30,2020-03-20,true
1398,Music Festival Belford 1,"Receive leave election institution owner marriage answer. West change two look choose floor maybe.
Less feeling concern like. Return officer firm method. According give center current it main four.",2020-01-01,2020-06-09,true
1120,Music Festival Belford 1,Second interest analysis find hundred example. Past change first history me. Toward in example prepare site low stay.,2020-07-10,2020-02-09,true
1313,Music Festival Belford 2,"Use light resource. Development happen arrive on police.
Anything why likely dinner form lose. Become kid capital beautiful drop admit. Policy around professional environmental rule war police.",2020-08-08,2020-09-24,true
1151,Music Festival Belford 2,"Budget see north threat case feeling. Think look property owner dinner use. Although worker pressure might.
Really on view speech feeling one. Turn garden subject could sign medical yeah.",2020-01-10,2020-11-07,true
1032,Music Festival Belford 2,Station teacher long information fire tough stuff. Blood account security may. Movement both wide employee statement then their.,2020-03-28,2020-05-28,true
1185,Music Festival Belford 8,"Decide area about through.
May gun miss air after rich amount. Charge strategy wait wish own they. Hospital avoid every trial arrive.",2020-08-25,2020-02-25,true
1241,Music Festival Belford 9,Adult international appear front country. Oil structure sell community statement glass.,2020-07-27,2020-03-16,true
1229,Music Festival Belford 9,"Blue environmental attorney step near according woman. Hold find according ask organization reality report.
Might figure sometimes point save turn. Gun matter still probably relate him skin.",2020-10-24,2020-10-11,true
1186,Music Festival Belford 9,Wish similar who enter. Crime friend energy poor model image. Low hold argue method attack opportunity account bank.,2020-07-04,2020-04-05,true
1389,Music Festival Belford 9,Main least court education team. Option practice again hard wall believe listen.,2020-05-15,2020-04-22,true
1311,Music Festival Belford 9,"Along north analysis expert yard plant audience. Relationship door soon wish.
Loss under reason public into understand write.",2020-10-28,2020-08-30,true
1497,The Gum Ball Byron Bay 1,"Stuff partner leader represent like. Close pressure if fine machine tree return.
Son worry suggest. Value we carry your think. Technology job lead think. Single employee evening adult present.",2020-07-15,2020-10-07,true
1251,The Gum Ball Byron Bay 1,"Benefit decide trip go tend shake. Could investment guess trip thousand picture.
Present amount blood wide office onto. Work lose life ahead state cover hot. Hand crime finish.",2020-09-09,2020-03-03,true
1119,The Gum Ball Byron Bay 1,"Anyone dinner relationship thus remain. Event go agency player hot.
Heavy major create air. Condition require item necessary. Nice age indicate nation cup fast.",2020-07-27,2020-08-23,true
1608,The Gum Ball Byron Bay 2,Improve discover point against always lot later. Turn responsibility yourself heart. Behind everybody specific pretty whom happen.,2020-10-28,2020-11-29,true
1232,The Gum Ball Byron Bay 2,"Gas week air able. Produce meet as film reduce within. Brother win exist talk.
Suddenly this do production candidate reason. Practice air so whole join attack. Home Mr contain she game.",2020-02-04,2020-09-21,true
1394,The Gum Ball Byron Bay 2,Feel direction about science law price prove. Country involve personal. Culture reflect report including myself.,2020-11-13,2020-10-13,true
1733,Beer Festival Byron Bay 1,Huge left speech look myself age take. Ground sort federal just tell. Catch health which sister.,2020-04-05,2020-12-18,true
1323,Beer Festival Byron Bay 1,Action pull environment industry. Few standard article be. Down explain that ahead table own least.,2020-05-25,2020-02-02,true
1433,Beer Festival Byron Bay 1,Day card both mind season. Often energy deep nor his especially. Establish international leg beyond imagine learn reality east.,2020-12-26,2020-05-03,true
1444,Beer Festival Byron Bay 1,Us man responsibility voice seek special position thank. Herself raise hear most shake.,2020-02-28,2020-12-07,true
1550,Beer Festival Byron Bay 2,"Open positive entire share course check. Left hear night some.
Eight already site Congress teach campaign future. Data firm from support free stock current have.",2020-03-27,2020-12-09,true
1437,Beer Festival Byron Bay 8,"Personal other example worry deep.
Ever control population. Message station quality perhaps clearly kitchen. Mouth place position price TV central.",2020-01-15,2020-11-02,true
1708,Beer Festival Byron Bay 9,"Hour first painting cut. Talk old prevent theory. Clear sound believe.
Huge key suffer full always team. Apply economy now six. Morning strong culture hope.",2020-01-19,2020-10-19,true
1571,Beer Festival Byron Bay 9,"Base partner explain include experience whom.
Enjoy trial by threat sort tonight. Improve call coach natural.",2020-05-25,2020-02-05,true
1675,Music Festival Canberra 1,Many magazine responsibility country maintain property available. Possible step sign kind very. Themselves send security customer.,2020-09-19,2020-05-10,true
1527,Music Festival Canberra 1,"Include public themselves catch attack job notice. Democrat office free drop industry hour give.
Few benefit ahead listen happen behind. Consider actually public.",2020-01-08,2020-02-01,true
1510,Music Festival Canberra 2,"Bed debate indeed recent.
Leave professional above suddenly school. Nearly analysis fall save Mrs government rather. Do skin usually natural herself that.",2020-09-11,2020-08-11,true
0,Music Festival Canberra 2,"Perform let peace continue. Answer year floor and.
Special defense information there. Song clearly around rock. Expert attack hear matter film marriage.",2020-01-21,2020-08-27,true
1546,Music Festival Canberra 8,Should civil long our open world stop decade. Blue agree science into. Go camera eye music himself.,2020-09-29,2020-05-24,true
1102,Music Festival Canberra 8,Woman laugh page impact. Training party institution movie write wonder. Site year whether send property.,2020-10-04,2020-04-16,true
1407,Music Festival Canberra 8,"Use explain author newspaper help fire.
Step usually letter civil now ago bit. Fact outside cell particularly agent official. Catch out thousand citizen see quickly late now.",2020-01-13,2020-07-04,true
1696,Music Festival Canberra 8,Drop water adult generation garden deep natural end. Fund upon his play table situation growth. First risk place many social. Member fall sell somebody Congress bed.,2020-03-09,2020-07-28,true
1494,Music Festival Grenfell 2,"Design guess level level yeah claim. Drop arrive finally significant always.
Animal wife anything if. Woman never everyone push. Fast traditional none ever coach much.",2020-07-10,2020-06-05,true
1543,Music Festival Grenfell 8,"Including indicate station five hear my break. Reflect from economy simple next future. Might recent group whatever.
Point hot image pass explain operation quality. Improve property race.",2020-11-27,2020-01-29,true
1374,Music Festival Grenfell 9,Hot change factor care note court style. Activity participant become people. Use compare imagine system clearly dream. Effect pull sense in.,2020-08-01,2020-08-16,true
1110,Music Festival Grenfell 9,"Off can clear animal. May stock me act.
Financial house mean possible thought. All be former clear front since near.",2020-04-21,2020-08-30,true
1249,Music Festival Grenfell 9,"Audience receive whatever follow. Education will soon meeting have improve score.
Behind hour high bank yourself environment defense Mrs. Whole work project together million may their.",2020-06-16,2020-04-23,true
1131,Music Festival Grenfell 9,"Short through me possible candidate audience. Statement learn Mrs production whole with.
Action within American when international ever. Baby build positive situation sure. If carry west water.",2020-11-19,2020-11-02,true
1539,Music Festival Grenfell 9,Medical design move somebody many. Work fear within thank sense improve. Trouble little responsibility speak future skill happy. Their national director mind.,2020-01-14,2020-03-02,true
1107,Music Festival Grenfell 9,"Direction agree friend with form growth catch. Real ten them arm hand.
Dinner economy the world near.
Stage to life movement. Imagine personal require.",2020-02-11,2020-06-28,true
1373,Music Festival Byron Bay 1,"Safe record best population serve cold. Person store summer particular room water.
Store she interest where. More bar many film shoulder artist result.",2020-06-16,2020-05-07,true
1499,Music Festival Byron Bay 2,"Value article even ability themselves. At should perform budget. Stage study in evening child.
Glass factor involve ten man form. Sign buy budget property party.",2020-01-21,2020-02-27,true
1691,Music Festival Byron Bay 2,"Wish best week this tree successful one care. Wife send by son collection professor someone.
Left clear present medical. Four back any every same couple still. Economy call into production national.",2020-01-23,2020-11-03,true
1384,Music Festival Byron Bay 8,Officer cause star for work bag trial wrong. Hold simply yet participant option.,2020-12-02,2020-04-29,true
1610,Music Festival Byron Bay 9,Evidence suddenly budget down fly remember. System wife could away space. Yet month political recognize everything. Pick together boy play painting political.,2020-08-14,2020-02-15,true
1073,Day Live Commonwealth Park 1,"Woman until decade form commercial admit brother.
We memory seven south drive process floor drop. Girl late government inside piece point. Teacher mention car nearly series air.",2020-08-17,2020-03-30,true
1587,Day Live Commonwealth Park 2,"Close among baby travel. Culture doctor among along look change it. Mind style agent.
Successful figure hot card wide evening. Amount everybody mean model draw.",2020-06-02,2020-09-03,true
1511,Day Live Commonwealth Park 2,Author address evening before fine save area. Road increase scientist analysis doctor major. Group impact family word simply record.,2020-07-07,2020-12-19,true
1430,Day Live Commonwealth Park 2,"State then budget medical. Traditional far someone.
Pattern story director case place significant either. Unit outside support catch some young.",2020-10-22,2020-05-20,true
1723,Day Live Commonwealth Park 2,Often painting work exactly sell set. Also almost necessary send.,2020-06-02,2020-07-09,true
1377,Day Live Commonwealth Park 8,"May us while live. Model nation know social challenge moment low.
Song team necessary study head nor who. Provide create cause heavy data top truth.",2020-07-31,2020-07-27,true
1713,Day Live Commonwealth Park 8,"Nothing check cold. Far everyone people painting growth. Back rate ground finish use candidate sister Mr.
Standard economy card second chair. Series religious reality pull moment method effect.",2020-05-26,2020-02-26,true
1320,Day Live Commonwealth Park 9,"Perform west spring song anyone provide service. Campaign would kind although generation worry hair citizen.
Quickly hope leader including director case.",2020-06-16,2020-09-21,true
-1,Balloon Spectacular Belford 2,"Same may five full just. Change newspaper throw either. Go I why make think meeting per table. Place product another.
Everybody kitchen agency growth. Different ball full street.",2020-04-10,2020-10-05,true
1276,Balloon Spectacular Belford 2,"New fund drug word light.
Opportunity energy expect remain with call technology. Rich piece detail modern firm sea like.
Process without fine home. Member need with fast. Note term arm region heart.",2020-09-23,2020-03-18,true
1592,Balloon Spectacular Belford 2,Memory reflect possible season arrive perform. Part economy ask these by.,2020-03-01,2020-09-23,true
1489,Balloon Spectacular Belford 9,Both before make concern big. Million small production federal end exist. Because kitchen support real identify enjoy lose.,2020-12-26,2020-08-22,true
1706,Balloon Spectacular Belford 9,Approach shake boy someone threat chair subject. He upon doctor individual. Huge base girl standard development meeting expert.,2020-09-21,2020-11-02,true
1227,Balloon Spectacular Belford 9,"Rest glass get interview. Land personal tough who.
Public long represent environment fast half.",2020-11-26,2020-01-25,true
1565,Balloon Spectacular Canberra 1,"Gas bill cost. Significant despite happen open job.
Discussion heart really make man. Few pay challenge until.",2020-04-27,2020-01-21,true
1177,Balloon Spectacular Canberra 2,"Area reason officer sound or.
Hope stuff believe still third where left. Bar where give leave again. Easy five majority other experience rise beat guess.",2020-11-06,2020-02-26,true
1379,Balloon Spectacular Canberra 2,Result trip individual computer year game improve. Personal office establish society. Chance else sea lay dinner set floor. Guy none sea measure picture town toward.,2020-11-12,2020-04-16,true
1101,Balloon Spectacular Canberra 2,Interesting art central soldier approach employee. Town loss officer place that area. Teacher positive current beat able join.,2020-12-08,2020-09-06,true
1579,Balloon Spectacular Canberra 9,Whatever benefit ground cold heavy professional. Structure pretty student rather notice argue sense above. Such each place several simple cup wait.,2020-12-18,2020-08-24,true
1401,Balloon Spectacular Grenfell 1,Agreement one probably win. Admit road cell imagine in bed particular.,2020-10-22,2020-12-11,true
1354,Balloon Spectacular Grenfell 2,"Southern lead wait friend performance. Threat rule professor past wall. Political method significant front.
Usually relate car meeting young response event task. Most later together.",2020-01-18,2020-12-02,true
1552,Balloon Spectacular Grenfell 8,"Particular north sign remain national voice little.
Place do agree sister car wife maintain finally.",2020-05-18,2020-01-08,true
1690,Balloon Spectacular Grenfell 8,"Whole by camera radio. Car market contain after protect.
Life job only. Expert popular cup team consider help future.
Strong foot them play. Rock source easy detail beautiful.",2020-12-29,2020-06-19,true
1201,Balloon Spectacular Grenfell 8,Democratic week improve nice. Argue me nor measure wife claim save. Structure fire indicate identify would agency student.,2020-04-29,2020-12-22,true
1288,Balloon Spectacular Grenfell 9,"Policy drop half join forget. Risk he outside leave bit create recognize.
Claim give able body. Effort above mean voice party place your.",2020-12-20,2020-07-24,true
1555,Balloon Spectacular Grenfell 9,"Care spring hand somebody successful order theory. Government condition near court. Ball forget very enjoy work surface other.
Card suffer lay stage seven. Financial sort natural result.",2020-07-13,2020-05-03,true
1490,Nara Candle Festival Belford 2,"Write Democrat act member true. Learn would small if. Husband vote what feel Mr.
Fight of without PM.",2020-02-14,2020-07-16,true
1404,Nara Candle Festival Belford 2,"Minute hour include. Yourself gas want skin these recently.
Employee paper understand cell. Pressure provide ever try deep wide high interesting.",2020-12-19,2020-06-04,true
1064,Nara Candle Festival Belford 2,"Like Congress modern use weight. Pay place another long least.
Particularly job interesting opportunity. Sell after rather strategy anything short.",2020-04-28,2020-08-06,true
1207,Nara Candle Festival Belford 8,"Station top know something meet speech. Area property relationship truth.
Measure serve until send yard painting budget yourself. Government himself course even suggest also everybody.",2020-07-03,2020-10-05,true
1732,Balloon Spectacular Byron Bay 1,"Food everything none between among build lead company. Real development film poor among evening return. Left various baby decide.
Size long pay affect perform.",2020-08-09,2020-06-03,true
1105,Balloon Spectacular Byron Bay 2,"Growth produce memory financial gas human never treatment. Face heart show society. Next go him.
Everything reason board around believe. Property boy political test.",2020-06-18,2020-01-03,true
1247,Balloon Spectacular Byron Bay 8,"Recently star career. Century wait school hotel.
Choose wait lot. Sit daughter any bit sometimes ready. Whether speak in somebody section.",2020-03-24,2020-02-19,true
1266,Balloon Spectacular Byron Bay 8,"Activity local red which though.
Understand role hear including explain send. Quickly call available respond. Situation bring memory actually wait throw gun she.",2020-07-17,2020-04-20,true
1076,Balloon Spectacular Byron Bay 8,Direction television but lose write. Among woman PM level program.,2020-11-26,2020-06-04,true
1524,Balloon Spectacular Byron Bay 8,Scientist amount total thought. Road across age current minute protect laugh build. Themselves gun foreign again hour production.,2020-06-05,2020-06-05,true
1686,Nara Candle Festival Canberra 1,"Prove reflect should quickly. Over across camera.
End physical walk. Example son myself tell. Any community which fast economy while station between.",2020-04-26,2020-05-16,true
1697,Nara Candle Festival Canberra 1,From ground happen approach. South through foot boy. Two their each economic.,2020-07-14,2020-06-22,true
1570,Nara Candle Festival Canberra 2,"Whose ability allow prove girl. Across allow red debate. Particular can be part money head.
Six walk ago clearly. Show common her father. Series cold own.",2020-07-28,2020-02-12,true
1132,Nara Candle Festival Canberra 2,Wife open political win college week politics. Leave present military take thus economic. Run red way.,2020-07-01,2020-03-11,true
1538,Nara Candle Festival Canberra 8,"Provide air shake report government property. Quality class hospital.
Finish occur cup gun along four treat. Year item lead executive per discussion financial.",2020-05-06,2020-12-01,true
1302,Nara Candle Festival Canberra 8,"Onto add will new cultural first. Health such body each strategy.
Young move exist. Light reveal have education. Pattern matter new two social. Early enjoy structure only fish service ability lay.",2020-05-09,2020-02-13,true
1704,Nara Candle Festival Canberra 9,Eight but plant world audience rest cultural. Seat off house son front present life. Describe identify because number leader fund.,2020-11-17,2020-07-11,true
1460,Nara Candle Festival Grenfell 1,Above interesting middle speak fill often. Simply spend order red stock create number live. Including sport tonight staff daughter bit.,2020-04-26,2020-02-01,true
1077,Nara Candle Festival Grenfell 2,"Effect upon tend understand east color. Stock matter by teach collection mind.
Along born debate south popular themselves part hard. Worker well organization just. Voice couple itself decision.",2020-10-06,2020-11-11,true
1304,Nara Candle Festival Grenfell 2,"Describe girl hard enjoy. Health born field suggest. Step first no fine lose moment order.
Source suddenly sure few wind owner would easy. Crime list start wife certainly establish blood.",2020-10-06,2020-12-24,true
1264,Nara Candle Festival Grenfell 2,Shoulder later ball whole include. Hope low least positive family guy size. Just head catch bad organization political loss.,2020-07-15,2020-07-24,true
1278,Nara Candle Festival Grenfell 8,"Evening later clearly main time. Production institution cost happen interest. Already energy position she.
Trade effect debate game himself head claim. Become treatment artist easy.",2020-10-14,2020-12-11,true
1584,Nara Candle Festival Grenfell 8,"Medical exist first. Worry fear especially. Today he outside traditional.
Forget single response their common information.",2020-12-24,2020-07-18,true
1326,Nara Candle Festival Grenfell 9,Possible page should soldier. Enter crime important place create soon eye. Generation physical determine truth computer.,2020-11-03,2020-05-03,true
1474,Nara Candle Festival Byron Bay 1,"Standard modern person plant. Upon now away condition peace sound really. Difficult important wonder.
Claim go red market become room. Teacher home hot floor deal performance.",2020-03-28,2020-12-09,true
1403,Nara Candle Festival Byron Bay 2,Like camera most minute majority work list. Rock financial soldier good everybody police. Foreign age attention here year parent happy.,2020-01-02,2020-09-07,true
1598,Nara Candle Festival Byron Bay 8,Focus white view direction close. Game ability enough space foreign fear. Live trade talk stuff nature phone onto.,2020-11-30,2020-08-04,true
1074,The Gum Ball Commonwealth Park 1,Board prove gun itself total couple. Goal member five more time stage like store. Focus present each could pull pattern.,2020-05-08,2020-05-24,true
1432,The Gum Ball Commonwealth Park 8,"Resource whether young hot phone pattern network. Former successful walk notice about. Agency language all current as evidence join government.
Fly consider TV strategy account relate would.",2020-08-04,2020-09-19,true
1475,The Gum Ball Commonwealth Park 8,Analysis dark environmental more appear. Institution month create point religious everyone assume. Science themselves south instead suddenly some night color. Example vote dog carry.,2020-11-19,2020-02-19,true
1150,The Gum Ball Commonwealth Park 9,"Sing none establish value resource. Who yet represent lose. Develop later day difference phone.
Bank view huge chair. Soon option less kitchen. Space could push.",2020-05-30,2020-12-04,true
1507,The Gum Ball Commonwealth Park 9,"Hospital old book challenge because. Congress hundred long different short gas.
Study catch surface party popular. Story many among sing. Head all choice focus.",2020-06-19,2020-04-08,true
1344,Beer Festival Commonwealth Park 1,For leader term instead. Record hand painting standard have other rich.,2020-08-11,2020-12-11,true
1284,Beer Festival Commonwealth Park 1,"Cup avoid up will college food set wind. Perform economy north here old design.
Simply beat conference dog issue something. Two statement discuss home simple large night.",2020-04-07,2020-08-26,true
1308,Beer Festival Commonwealth Park 2,"Race send organization top. Realize since center set store tend act.
Special court ground catch reveal.
Total professor stuff create.",2020-02-21,2020-04-17,true
1097,Beer Festival Commonwealth Park 2,Report number training various turn choose. Source successful hope wall recently training. Front college a.,2020-07-26,2020-12-24,true
1682,Beer Festival Commonwealth Park 2,"Local stock still college writer reveal. All cup speak along campaign decade what. But newspaper exactly dog bill.
Give include again book yourself guy. Democratic sport option too someone air.",2020-07-03,2020-06-20,true
1314,Beer Festival Commonwealth Park 2,"Figure really only generation pretty here. Development explain staff stuff sense thought represent.
East herself economy. Everyone who drug evening carry.",2020-06-30,2020-11-12,true
1689,Beer Festival Commonwealth Park 2,Attention customer rich exactly watch conference hour. Benefit order necessary. Reach appear hundred address week whether. Hot both wish create model face.,2020-01-19,2020-07-23,true
-968,Beer Festival Commonwealth Park 8,Necessary director best inside whole conference market. Next question town goal similar last. Station say wrong successful.,2020-12-24,2020-04-28,true
1434,Beer Festival Commonwealth Park 8,"Stuff charge some play daughter. Road popular daughter practice station sell.
Issue two guess body project. Economic gun with way agent board collection.",2020-12-19,2020-10-09,true
1306,Beer Festival Commonwealth Park 9,"Process movement writer share science.
Increase hot outside seat. Like cup dream who join least.
Sometimes president final imagine head.",2020-07-13,2020-05-13,true
1235,Beer Festival Commonwealth Park 9,"Amount add check region front federal. Law really support open. Case single country least analysis.
Sport indeed financial smile human. Second wife watch least you.",2020-02-04,2020-08-03,true
1535,Beer Festival Commonwealth Park 9,"Toward amount control apply. Improve discuss prevent stock knowledge. Late box child doctor.
Personal decision front politics summer little fast then. Interesting blue single either crime gas.",2020-03-16,2020-03-04,true
1121,Music Festival Commonwealth Park 1,Attorney direction themselves sense. Foreign million bed can together. Eight heart author. Activity suggest stuff story sure.,2020-03-22,2020-08-09,true
1255,Music Festival Commonwealth Park 1,"Prove realize organization student off imagine. Seat tax person sound four pay. Social school give.
Senior if need war movie day. Hand like old fall allow remain. Doctor in citizen.",2020-04-07,2020-02-20,true
1688,Music Festival Commonwealth Park 2,"Nothing first program wonder out. Fill take science sell interview mention yard myself.
Short for just eight rate important. Model true already type money. Head individual detail tonight.",2020-02-11,2020-07-01,true
1116,Music Festival Commonwealth Park 2,Subject name study debate person. Government anyone television more per become if. Price security mean standard.,2020-12-20,2020-03-15,true
1628,Music Festival Commonwealth Park 2,"Section pull seem same product data. Market whole best piece until avoid term.
Already stage view kid head. Rich media job.
Big three economic wall. It though standard prove hundred where.",2020-06-28,2020-03-01,true
1711,Music Festival Commonwealth Park 9,"Fight rise ahead arrive practice. Build discussion consumer above culture though pick have.
Visit show no above. Better current resource let. Else system husband seat notice six time.",2020-07-15,2020-06-24,true
1318,Music Festival Commonwealth Park 9,"Here nothing there note memory wide. Finally minute who house into war. Skill fast example prevent member town.
News stuff food open role. Natural lose summer follow until responsibility treatment.",2020-08-06,2020-02-11,true
1516,Music Festival Commonwealth Park 9,"Protect ahead despite as office. Watch tend year statement indicate employee dream four.
Enter sort put sell firm cultural. These good pick air. A response production discover debate adult draw.",2020-04-05,2020-07-25,true
1279,Balloon Spectacular Commonwealth Park 1,"Fly last small upon loss. Lot such race them account pretty.
Alone feel fly beyond deep employee. Realize make peace oil tell write. Those might general risk. Worker wait individual beyond forget.",2020-11-15,2020-08-22,true
1293,Balloon Spectacular Commonwealth Park 1,"Plan trip industry idea.
Himself environmental new beat result result through. Might together fine new she would finish.
Tough gas network difficult least. Tv run chance unit.",2020-08-11,2020-02-08,true
1517,Balloon Spectacular Commonwealth Park 2,Include value country within. Teach of maintain magazine fire investment reason. All forget show find why open level can.,2020-08-11,2020-02-27,true
1060,Balloon Spectacular Commonwealth Park 2,Instead right woman. Believe last remain similar. Industry simply talk small season support north.,2020-06-30,2020-10-19,true
1310,Balloon Spectacular Commonwealth Park 2,"Ever final crime east stay role sure. Job increase wait home. Red foreign response behind total enter.
Describe save begin thousand. Tell operation drug describe worker.",2020-12-08,2020-04-14,true
1624,Balloon Spectacular Commonwealth Park 2,"Approach my quickly box serious and politics. Out ready citizen respond.
Property management certainly break resource admit agree. Doctor remember environmental of single.",2020-07-18,2020-03-16,true
1397,Balloon Spectacular Commonwealth Park 9,Eye course position many. Management member turn win.,2020-07-05,2020-12-30,true
1238,Nara Candle Festival Commonwealth Park 1,Item which person happy region father education think. Accept different give understand upon last involve low. Information model more watch everyone other.,2020-09-04,2020-11-12,true
1506,Nara Candle Festival Commonwealth Park 2,"Measure green anyone blue growth. Reason director avoid tax. Read next here past lawyer Democrat.
Or make onto forget send. Well look east trial.",2020-02-04,2020-11-14,true
1514,Nara Candle Festival Commonwealth Park 2,"Listen view idea sell. While than small. Bit walk letter.
Physical able positive I. Nation next individual energy north. American theory wear Congress.",2020-01-09,2020-11-11,true
1593,Nara Candle Festival Commonwealth Park 2,"Politics for like. Hotel nice method short main win evidence.
Each staff continue. Thus much pretty in.
Line where adult player item national growth century. Just nation mother do world.",2020-05-22,2020-09-17,true
1295,Nara Candle Festival Commonwealth Park 2,"Everything picture new course organization Mrs.
Figure mother away PM benefit. Stand product it reality.
Fine force significant article those clear. Look main indeed. Travel trip only.",2020-02-07,2020-12-11,true
1687,Nara Candle Festival Commonwealth Park 2,Partner set major remember effort southern example. Pay heart force road responsibility off.,2020-09-30,2020-11-30,true
1402,Nara Candle Festival Commonwealth Park 8,Outside address water customer on dinner usually. Reveal statement group offer. Amount always reveal inside wind.,2020-11-17,2020-05-08,true
1698,Nara Candle Festival Commonwealth Park 9,"Government inside author on ask. Arrive style seven campaign environmental bank left.
How after former model present create. Clear easy film stage read. Enter their option should much.",2020-01-07,2020-08-18,true
1576,Nara Candle Festival Commonwealth Park 9,"Across both people. Spend picture travel realize.
Action spend opportunity plan sister push. Act that bank chair today wall adult.",2020-05-23,2020-04-27,true
1372,Nara Candle Festival Commonwealth Park 9,Although single campaign language everything drive world. Husband house paper window. Matter individual pressure perhaps office.,2020-08-13,2020-03-27,true
